division,
Hawaiʻi Mauka,0.18996327
Hilo,-0.24504109
Kaʻu,0.24635896
Kona,0.33179936
Koʻolau,-0.25996548
Leeward Kauaʻi,-0.032717373
Leeward Kohala,0.16559462
Leeward Maui Nui,-0.27790105
Waianae,-0.20352729
Windward Kauaʻi,-0.15771942
Windward Kohala,-0.38880122
Windward Maui Nui,-0.47217372
