month,rf_mean,tmean
1,6.094081301670786,64.62439292325952
2,1.2278553377319972,64.48202145511105
3,4.223866479683851,64.952715291837
4,4.1261141460381605,65.91496964769843
5,3.1758546796958043,66.52652638742138
6,3.3584937407528646,68.29438943381788
7,3.059623174455964,69.34124426393875
8,1.971095843609074,69.98539924127667
9,2.871371972163051,69.466812725068
10,3.5545834487648515,68.48692526074474
11,5.273063642952239,66.9273277681806
12,3.059613251589633,65.70051781450684
